Season,Division,Date,Time,HomeTeam,AwayTeam,FTHG,FTAG,FTR,HTHG,HTAG,HTR,Referee,HS,AS,HST,AST,HF,AF,HC,AC,HY,AY,HR,AR
22-23,Premier League,05/08/2022,20:00,Crystal Palace,Arsenal,0,2,A,0.0,1.0,A,A Taylor,10.0,10.0,2.0,2.0,16.0,11.0,3.0,5.0,1.0,2.0,0.0,0.0
22-23,Premier League,06/08/2022,12:30,Fulham,Liverpool,2,2,D,1.0,0.0,H,A Madley,9.0,11.0,3.0,4.0,7.0,9.0,4.0,4.0,2.0,0.0,0.0,0.0
22-23,Premier League,06/08/2022,15:00,Bournemouth,Aston Villa,2,0,H,1.0,0.0,H,P Bankes,7.0,15.0,3.0,2.0,18.0,16.0,5.0,5.0,3.0,3.0,0.0,0.0
22-23,Premier League,06/08/2022,15:00,Leeds,Wolves,2,1,H,1.0,1.0,D,R Jones,12.0,15.0,4.0,6.0,13.0,9.0,6.0,4.0,2.0,0.0,0.0,0.0
22-23,Premier League,06/08/2022,15:00,Newcastle,Nott'm Forest,2,0,H,0.0,0.0,D,S Hooper,23.0,5.0,10.0,0.0,9.0,14.0,11.0,1.0,0.0,3.0,0.0,0.0
22-23,Premier League,06/08/2022,15:00,Tottenham,Southampton,4,1,H,2.0,1.0,H,A Marriner,18.0,10.0,8.0,2.0,11.0,6.0,10.0,2.0,3.0,0.0,0.0,0.0
22-23,Premier League,06/08/2022,17:30,Everton,Chelsea,0,1,A,0.0,1.0,A,C Pawson,8.0,15.0,4.0,6.0,14.0,11.0,4.0,16.0,3.0,2.0,0.0,0.0
22-23,Premier League,07/08/2022,14:00,Leicester,Brentford,2,2,D,1.0,0.0,H,J Gillett,14.0,8.0,5.0,3.0,6.0,5.0,5.0,6.0,0.0,0.0,0.0,0.0
22-23,Premier League,07/08/2022,14:00,Man United,Brighton,1,2,A,0.0,2.0,A,P Tierney,17.0,15.0,5.0,4.0,7.0,12.0,6.0,2.0,4.0,1.0,0.0,0.0
22-23,Premier League,07/08/2022,16:30,West Ham,Man City,0,2,A,0.0,1.0,A,M Oliver,6.0,14.0,1.0,2.0,8.0,4.0,1.0,4.0,0.0,1.0,0.0,0.0
22-23,Premier League,13/08/2022,12:30,Aston Villa,Everton,2,1,H,1.0,0.0,H,M Oliver,12.0,15.0,4.0,4.0,9.0,7.0,5.0,8.0,4.0,1.0,0.0,0.0
22-23,Premier League,13/08/2022,15:00,Arsenal,Leicester,4,2,H,2.0,0.0,H,D England,19.0,6.0,7.0,2.0,15.0,9.0,6.0,2.0,1.0,1.0,0.0,0.0
22-23,Premier League,13/08/2022,15:00,Brighton,Newcastle,0,0,D,0.0,0.0,D,G Scott,13.0,4.0,7.0,1.0,8.0,6.0,7.0,3.0,2.0,3.0,0.0,0.0
22-23,Premier League,13/08/2022,15:00,Man City,Bournemouth,4,0,H,3.0,0.0,H,D Coote,19.0,3.0,7.0,1.0,9.0,9.0,11.0,1.0,0.0,3.0,0.0,0.0
22-23,Premier League,13/08/2022,15:00,Southampton,Leeds,2,2,D,0.0,0.0,D,T Harrington,14.0,13.0,4.0,5.0,10.0,12.0,2.0,5.0,1.0,3.0,0.0,0.0
22-23,Premier League,13/08/2022,15:00,Wolves,Fulham,0,0,D,0.0,0.0,D,J Brooks,7.0,9.0,1.0,3.0,7.0,14.0,5.0,3.0,3.0,3.0,0.0,0.0
22-23,Premier League,13/08/2022,17:30,Brentford,Man United,4,0,H,4.0,0.0,H,S Attwell,13.0,15.0,7.0,4.0,6.0,15.0,8.0,2.0,0.0,4.0,0.0,0.0
22-23,Premier League,14/08/2022,14:00,Nott'm Forest,West Ham,1,0,H,1.0,0.0,H,R Jones,13.0,19.0,6.0,5.0,10.0,11.0,6.0,7.0,4.0,1.0,0.0,0.0
22-23,Premier League,14/08/2022,16:30,Chelsea,Tottenham,2,2,D,1.0,0.0,H,A Taylor,16.0,10.0,3.0,5.0,9.0,9.0,8.0,5.0,3.0,0.0,0.0,0.0
22-23,Premier League,15/08/2022,20:00,Liverpool,Crystal Palace,1,1,D,0.0,1.0,A,P Tierney,24.0,7.0,4.0,3.0,7.0,8.0,4.0,2.0,2.0,4.0,1.0,0.0
22-23,Premier League,20/08/2022,12:30,Tottenham,Wolves,1,0,H,0.0,0.0,D,S Hooper,11.0,20.0,4.0,3.0,10.0,8.0,8.0,6.0,2.0,2.0,0.0,0.0
22-23,Premier League,20/08/2022,15:00,Crystal Palace,Aston Villa,3,1,H,1.0,1.0,D,A Madley,17.0,13.0,9.0,5.0,16.0,14.0,4.0,2.0,2.0,1.0,0.0,0.0
22-23,Premier League,20/08/2022,15:00,Everton,Nott'm Forest,1,1,D,0.0,0.0,D,A Marriner,19.0,14.0,8.0,5.0,6.0,9.0,6.0,2.0,3.0,2.0,0.0,0.0
22-23,Premier League,20/08/2022,15:00,Fulham,Brentford,3,2,H,2.0,1.0,H,P Bankes,18.0,13.0,9.0,5.0,13.0,7.0,6.0,3.0,3.0,2.0,0.0,0.0
22-23,Premier League,20/08/2022,15:00,Leicester,Southampton,1,2,A,0.0,0.0,D,M Salisbury,6.0,9.0,1.0,3.0,11.0,15.0,2.0,5.0,2.0,3.0,0.0,0.0
22-23,Premier League,20/08/2022,17:30,Bournemouth,Arsenal,0,3,A,0.0,2.0,A,C Pawson,6.0,14.0,1.0,6.0,12.0,10.0,3.0,4.0,2.0,1.0,0.0,0.0
22-23,Premier League,21/08/2022,14:00,Leeds,Chelsea,3,0,H,2.0,0.0,H,S Attwell,12.0,14.0,6.0,3.0,16.0,15.0,4.0,6.0,0.0,1.0,0.0,1.0
22-23,Premier League,21/08/2022,14:00,West Ham,Brighton,0,2,A,0.0,1.0,A,A Taylor,13.0,11.0,3.0,2.0,10.0,7.0,5.0,4.0,2.0,0.0,0.0,0.0
22-23,Premier League,21/08/2022,16:30,Newcastle,Man City,3,3,D,2.0,1.0,H,J Gillett,12.0,21.0,6.0,10.0,14.0,7.0,5.0,5.0,4.0,2.0,0.0,0.0
22-23,Premier League,22/08/2022,20:00,Man United,Liverpool,2,1,H,1.0,0.0,H,M Oliver,12.0,17.0,4.0,5.0,11.0,7.0,6.0,8.0,3.0,1.0,0.0,0.0
22-23,Premier League,27/08/2022,12:30,Southampton,Man United,0,1,A,0.0,0.0,D,A Madley,17.0,11.0,5.0,6.0,4.0,14.0,5.0,3.0,0.0,3.0,0.0,0.0
22-23,Premier League,27/08/2022,15:00,Brentford,Everton,1,1,D,0.0,1.0,A,J Brooks,19.0,14.0,5.0,7.0,8.0,8.0,8.0,5.0,2.0,2.0,0.0,0.0
22-23,Premier League,27/08/2022,15:00,Brighton,Leeds,1,0,H,0.0,0.0,D,M Salisbury,13.0,10.0,4.0,2.0,10.0,14.0,5.0,3.0,2.0,3.0,0.0,0.0
22-23,Premier League,27/08/2022,15:00,Chelsea,Leicester,2,1,H,0.0,0.0,D,P Tierney,7.0,17.0,3.0,5.0,10.0,7.0,3.0,11.0,1.0,2.0,1.0,0.0
22-23,Premier League,27/08/2022,15:00,Liverpool,Bournemouth,9,0,H,5.0,0.0,H,S Attwell,19.0,5.0,12.0,2.0,6.0,5.0,8.0,1.0,0.0,1.0,0.0,0.0
22-23,Premier League,27/08/2022,15:00,Man City,Crystal Palace,4,2,H,0.0,2.0,A,D England,18.0,2.0,5.0,2.0,14.0,8.0,6.0,1.0,1.0,2.0,0.0,0.0
22-23,Premier League,27/08/2022,17:30,Arsenal,Fulham,2,1,H,0.0,0.0,D,J Gillett,22.0,11.0,8.0,3.0,6.0,12.0,9.0,2.0,2.0,3.0,0.0,0.0
22-23,Premier League,28/08/2022,14:00,Aston Villa,West Ham,0,1,A,0.0,0.0,D,D Coote,9.0,7.0,3.0,2.0,10.0,10.0,3.0,2.0,2.0,0.0,0.0,0.0
22-23,Premier League,28/08/2022,14:00,Wolves,Newcastle,1,1,D,1.0,0.0,H,P Bankes,10.0,21.0,4.0,6.0,10.0,11.0,4.0,13.0,2.0,1.0,0.0,0.0
22-23,Premier League,28/08/2022,16:30,Nott'm Forest,Tottenham,0,2,A,0.0,1.0,A,C Pawson,17.0,18.0,1.0,7.0,11.0,13.0,6.0,1.0,6.0,1.0,0.0,0.0
22-23,Premier League,30/08/2022,19:30,Crystal Palace,Brentford,1,1,D,0.0,0.0,D,S Hooper,13.0,9.0,4.0,3.0,11.0,8.0,4.0,6.0,1.0,2.0,0.0,0.0
22-23,Premier League,30/08/2022,19:30,Fulham,Brighton,2,1,H,0.0,0.0,D,T Bramall,10.0,7.0,3.0,4.0,9.0,11.0,3.0,3.0,2.0,1.0,0.0,0.0
22-23,Premier League,30/08/2022,19:45,Southampton,Chelsea,2,1,H,2.0,1.0,H,M Oliver,9.0,10.0,7.0,4.0,15.0,10.0,5.0,3.0,2.0,1.0,0.0,0.0
22-23,Premier League,30/08/2022,20:00,Leeds,Everton,1,1,D,0.0,1.0,A,D England,14.0,7.0,5.0,2.0,10.0,9.0,10.0,2.0,3.0,3.0,0.0,0.0
22-23,Premier League,31/08/2022,19:30,Arsenal,Aston Villa,2,1,H,1.0,0.0,H,R Jones,22.0,4.0,9.0,3.0,10.0,14.0,10.0,3.0,2.0,3.0,0.0,0.0
22-23,Premier League,31/08/2022,19:30,Bournemouth,Wolves,0,0,D,0.0,0.0,D,A Taylor,5.0,17.0,2.0,4.0,12.0,12.0,2.0,5.0,2.0,1.0,0.0,0.0
22-23,Premier League,31/08/2022,19:30,Man City,Nott'm Forest,6,0,H,3.0,0.0,H,P Tierney,17.0,8.0,9.0,1.0,9.0,7.0,10.0,1.0,0.0,1.0,0.0,0.0
22-23,Premier League,31/08/2022,19:45,West Ham,Tottenham,1,1,D,0.0,1.0,A,P Bankes,14.0,13.0,4.0,4.0,10.0,9.0,3.0,4.0,2.0,5.0,0.0,0.0
22-23,Premier League,31/08/2022,20:00,Liverpool,Newcastle,2,1,H,0.0,1.0,A,A Marriner,23.0,5.0,6.0,2.0,9.0,10.0,13.0,0.0,0.0,2.0,0.0,0.0
22-23,Premier League,01/09/2022,20:00,Leicester,Man United,0,1,A,0.0,1.0,A,C Pawson,10.0,9.0,2.0,2.0,7.0,15.0,1.0,3.0,1.0,3.0,0.0,0.0
22-23,Premier League,03/09/2022,12:30,Everton,Liverpool,0,0,D,0.0,0.0,D,A Taylor,14.0,23.0,3.0,8.0,7.0,11.0,7.0,9.0,2.0,2.0,0.0,0.0
22-23,Premier League,03/09/2022,15:00,Brentford,Leeds,5,2,H,2.0,1.0,H,R Jones,14.0,17.0,8.0,6.0,8.0,9.0,2.0,6.0,2.0,2.0,0.0,0.0
22-23,Premier League,03/09/2022,15:00,Chelsea,West Ham,2,1,H,0.0,0.0,D,A Madley,8.0,6.0,3.0,3.0,6.0,11.0,10.0,3.0,4.0,2.0,0.0,0.0
22-23,Premier League,03/09/2022,15:00,Newcastle,Crystal Palace,0,0,D,0.0,0.0,D,M Salisbury,23.0,19.0,6.0,9.0,19.0,12.0,13.0,5.0,2.0,1.0,0.0,0.0
22-23,Premier League,03/09/2022,15:00,Nott'm Forest,Bournemouth,2,3,A,2.0,0.0,H,M Oliver,11.0,8.0,3.0,3.0,13.0,10.0,4.0,6.0,2.0,1.0,0.0,0.0
22-23,Premier League,03/09/2022,15:00,Tottenham,Fulham,2,1,H,1.0,0.0,H,S Attwell,23.0,9.0,10.0,3.0,9.0,6.0,10.0,3.0,3.0,4.0,0.0,0.0
22-23,Premier League,03/09/2022,15:00,Wolves,Southampton,1,0,H,1.0,0.0,H,J Brooks,7.0,12.0,2.0,1.0,10.0,14.0,5.0,6.0,4.0,2.0,0.0,0.0
22-23,Premier League,03/09/2022,17:30,Aston Villa,Man City,1,1,D,0.0,0.0,D,S Hooper,3.0,13.0,1.0,4.0,7.0,6.0,1.0,4.0,2.0,0.0,0.0,0.0
22-23,Premier League,04/09/2022,14:00,Brighton,Leicester,5,2,H,2.0,2.0,D,T Harrington,23.0,6.0,11.0,4.0,6.0,8.0,10.0,1.0,1.0,1.0,0.0,0.0
22-23,Premier League,04/09/2022,16:30,Man United,Arsenal,3,1,H,1.0,0.0,H,P Tierney,10.0,16.0,6.0,3.0,13.0,9.0,2.0,5.0,3.0,3.0,0.0,0.0
22-23,Premier League,16/09/2022,20:00,Aston Villa,Southampton,1,0,H,1.0,0.0,H,T Harrington,11.0,7.0,3.0,1.0,13.0,13.0,6.0,3.0,3.0,1.0,0.0,0.0
22-23,Premier League,16/09/2022,20:00,Nott'm Forest,Fulham,2,3,A,1.0,0.0,H,J Gillett,11.0,15.0,3.0,7.0,11.0,10.0,2.0,10.0,2.0,4.0,0.0,0.0
22-23,Premier League,17/09/2022,12:30,Wolves,Man City,0,3,A,0.0,2.0,A,A Taylor,6.0,16.0,1.0,7.0,7.0,9.0,5.0,7.0,2.0,1.0,1.0,0.0
22-23,Premier League,17/09/2022,15:00,Newcastle,Bournemouth,1,1,D,0.0,0.0,D,C Pawson,20.0,10.0,7.0,3.0,10.0,11.0,8.0,1.0,2.0,2.0,0.0,0.0
22-23,Premier League,17/09/2022,17:30,Tottenham,Leicester,6,2,H,2.0,2.0,D,S Hooper,16.0,19.0,11.0,7.0,9.0,9.0,6.0,1.0,1.0,2.0,0.0,0.0
22-23,Premier League,18/09/2022,12:00,Brentford,Arsenal,0,3,A,0.0,2.0,A,D Coote,5.0,13.0,2.0,7.0,10.0,10.0,3.0,3.0,0.0,2.0,0.0,0.0
22-23,Premier League,18/09/2022,14:15,Everton,West Ham,1,0,H,0.0,0.0,D,M Oliver,7.0,14.0,2.0,4.0,8.0,11.0,5.0,14.0,3.0,1.0,0.0,0.0
22-23,Premier League,01/10/2022,12:30,Arsenal,Tottenham,3,1,H,1.0,1.0,D,A Taylor,22.0,7.0,9.0,3.0,10.0,10.0,5.0,2.0,2.0,1.0,0.0,1.0
22-23,Premier League,01/10/2022,15:00,Bournemouth,Brentford,0,0,D,0.0,0.0,D,T Bramall,7.0,13.0,1.0,4.0,11.0,10.0,7.0,8.0,1.0,2.0,0.0,0.0
22-23,Premier League,01/10/2022,15:00,Crystal Palace,Chelsea,1,2,A,1.0,1.0,D,C Kavanagh,7.0,13.0,3.0,3.0,11.0,13.0,5.0,2.0,1.0,3.0,0.0,0.0
22-23,Premier League,01/10/2022,15:00,Fulham,Newcastle,1,4,A,0.0,3.0,A,D England,3.0,19.0,1.0,10.0,9.0,10.0,1.0,8.0,2.0,0.0,1.0,0.0
22-23,Premier League,01/10/2022,15:00,Liverpool,Brighton,3,3,D,1.0,2.0,A,A Madley,15.0,6.0,7.0,6.0,9.0,13.0,9.0,2.0,1.0,1.0,0.0,0.0
22-23,Premier League,01/10/2022,15:00,Southampton,Everton,1,2,A,0.0,0.0,D,A Marriner,22.0,12.0,6.0,5.0,11.0,10.0,7.0,6.0,2.0,2.0,0.0,0.0
22-23,Premier League,01/10/2022,17:30,West Ham,Wolves,2,0,H,1.0,0.0,H,P Tierney,18.0,15.0,5.0,4.0,8.0,6.0,1.0,6.0,2.0,2.0,0.0,0.0
22-23,Premier League,02/10/2022,14:00,Man City,Man United,6,3,H,4.0,0.0,H,M Oliver,22.0,12.0,10.0,8.0,3.0,9.0,5.0,1.0,0.0,3.0,0.0,0.0
22-23,Premier League,02/10/2022,16:30,Leeds,Aston Villa,0,0,D,0.0,0.0,D,S Attwell,9.0,19.0,1.0,7.0,23.0,12.0,2.0,9.0,3.0,2.0,1.0,0.0
22-23,Premier League,03/10/2022,20:00,Leicester,Nott'm Forest,4,0,H,3.0,0.0,H,R Jones,17.0,10.0,7.0,3.0,13.0,12.0,6.0,6.0,2.0,4.0,0.0,0.0
22-23,Premier League,08/10/2022,15:00,Bournemouth,Leicester,2,1,H,0.0,1.0,A,M Salisbury,10.0,9.0,4.0,5.0,8.0,16.0,7.0,2.0,1.0,2.0,0.0,0.0
22-23,Premier League,08/10/2022,15:00,Chelsea,Wolves,3,0,H,1.0,0.0,H,S Hooper,20.0,8.0,7.0,2.0,8.0,8.0,4.0,2.0,2.0,0.0,0.0,0.0
22-23,Premier League,08/10/2022,15:00,Man City,Southampton,4,0,H,2.0,0.0,H,A Madley,21.0,5.0,8.0,0.0,4.0,8.0,9.0,1.0,0.0,1.0,0.0,0.0
22-23,Premier League,08/10/2022,15:00,Newcastle,Brentford,5,1,H,2.0,0.0,H,J Brooks,16.0,6.0,6.0,3.0,14.0,9.0,9.0,5.0,0.0,1.0,0.0,0.0
22-23,Premier League,08/10/2022,17:30,Brighton,Tottenham,0,1,A,0.0,1.0,A,T Harrington,14.0,8.0,4.0,3.0,9.0,14.0,6.0,2.0,1.0,2.0,0.0,0.0
22-23,Premier League,09/10/2022,14:00,Crystal Palace,Leeds,2,1,H,1.0,1.0,D,P Tierney,13.0,10.0,5.0,4.0,13.0,23.0,5.0,3.0,3.0,3.0,0.0,0.0
22-23,Premier League,09/10/2022,14:00,West Ham,Fulham,3,1,H,1.0,1.0,D,C Kavanagh,17.0,8.0,8.0,2.0,9.0,7.0,4.0,2.0,1.0,3.0,0.0,0.0
22-23,Premier League,09/10/2022,16:30,Arsenal,Liverpool,3,2,H,2.0,1.0,H,M Oliver,11.0,8.0,7.0,3.0,11.0,11.0,4.0,3.0,1.0,2.0,0.0,0.0
22-23,Premier League,09/10/2022,19:00,Everton,Man United,1,2,A,1.0,2.0,A,D Coote,11.0,12.0,2.0,4.0,7.0,13.0,5.0,4.0,2.0,1.0,0.0,0.0
22-23,Premier League,10/10/2022,20:00,Nott'm Forest,Aston Villa,1,1,D,1.0,1.0,D,A Taylor,6.0,12.0,3.0,2.0,13.0,19.0,1.0,4.0,3.0,3.0,0.0,0.0
22-23,Premier League,14/10/2022,20:00,Brentford,Brighton,2,0,H,1.0,0.0,H,M Salisbury,7.0,21.0,3.0,7.0,12.0,15.0,2.0,11.0,3.0,1.0,0.0,0.0
22-23,Premier League,15/10/2022,12:30,Leicester,Crystal Palace,0,0,D,0.0,0.0,D,A Madley,14.0,8.0,5.0,1.0,18.0,13.0,9.0,2.0,2.0,2.0,0.0,0.0
22-23,Premier League,15/10/2022,15:00,Fulham,Bournemouth,2,2,D,1.0,2.0,A,G Scott,19.0,10.0,4.0,6.0,9.0,11.0,5.0,6.0,2.0,0.0,0.0,0.0
22-23,Premier League,15/10/2022,15:00,Wolves,Nott'm Forest,1,0,H,0.0,0.0,D,T Bramall,9.0,10.0,2.0,2.0,17.0,13.0,4.0,5.0,2.0,2.0,0.0,0.0
22-23,Premier League,15/10/2022,17:30,Tottenham,Everton,2,0,H,0.0,0.0,D,P Tierney,21.0,4.0,7.0,0.0,12.0,13.0,7.0,1.0,1.0,4.0,0.0,0.0
22-23,Premier League,16/10/2022,14:00,Aston Villa,Chelsea,0,2,A,0.0,1.0,A,R Jones,18.0,8.0,7.0,4.0,12.0,11.0,7.0,1.0,0.0,3.0,0.0,0.0
22-23,Premier League,16/10/2022,14:00,Leeds,Arsenal,0,1,A,0.0,1.0,A,C Kavanagh,16.0,9.0,4.0,4.0,10.0,11.0,6.0,3.0,0.0,2.0,0.0,0.0
22-23,Premier League,16/10/2022,14:00,Man United,Newcastle,0,0,D,0.0,0.0,D,C Pawson,15.0,9.0,2.0,2.0,13.0,11.0,4.0,4.0,3.0,1.0,0.0,0.0
22-23,Premier League,16/10/2022,14:00,Southampton,West Ham,1,1,D,1.0,0.0,H,P Bankes,10.0,25.0,8.0,4.0,7.0,3.0,4.0,14.0,1.0,1.0,0.0,0.0
22-23,Premier League,16/10/2022,16:30,Liverpool,Man City,1,0,H,0.0,0.0,D,A Taylor,13.0,16.0,2.0,6.0,10.0,7.0,5.0,6.0,3.0,1.0,0.0,0.0
22-23,Premier League,18/10/2022,19:30,Brighton,Nott'm Forest,0,0,D,0.0,0.0,D,D England,19.0,3.0,7.0,0.0,10.0,14.0,9.0,1.0,3.0,1.0,0.0,0.0
22-23,Premier League,18/10/2022,20:15,Crystal Palace,Wolves,2,1,H,0.0,1.0,A,D Coote,14.0,10.0,4.0,4.0,14.0,18.0,4.0,3.0,3.0,1.0,0.0,0.0
22-23,Premier League,19/10/2022,19:30,Bournemouth,Southampton,0,1,A,0.0,1.0,A,J Brooks,15.0,9.0,3.0,3.0,8.0,13.0,7.0,3.0,1.0,3.0,0.0,0.0
22-23,Premier League,19/10/2022,19:30,Brentford,Chelsea,0,0,D,0.0,0.0,D,J Gillett,8.0,14.0,5.0,5.0,7.0,7.0,6.0,2.0,0.0,0.0,0.0,0.0
22-23,Premier League,19/10/2022,19:30,Liverpool,West Ham,1,0,H,1.0,0.0,H,S Attwell,22.0,8.0,7.0,3.0,9.0,8.0,8.0,3.0,0.0,0.0,0.0,0.0
22-23,Premier League,19/10/2022,19:30,Newcastle,Everton,1,0,H,1.0,0.0,H,T Harrington,16.0,1.0,4.0,0.0,9.0,12.0,8.0,2.0,2.0,4.0,0.0,0.0
22-23,Premier League,19/10/2022,20:15,Man United,Tottenham,2,0,H,0.0,0.0,D,S Hooper,28.0,9.0,10.0,2.0,7.0,7.0,8.0,3.0,1.0,0.0,0.0,0.0
22-23,Premier League,20/10/2022,19:30,Fulham,Aston Villa,3,0,H,1.0,0.0,H,M Oliver,18.0,12.0,8.0,6.0,11.0,11.0,9.0,7.0,0.0,2.0,0.0,1.0
22-23,Premier League,20/10/2022,20:15,Leicester,Leeds,2,0,H,2.0,0.0,H,P Bankes,5.0,14.0,1.0,2.0,15.0,11.0,2.0,9.0,2.0,1.0,0.0,0.0
22-23,Premier League,22/10/2022,12:30,Nott'm Forest,Liverpool,1,0,H,0.0,0.0,D,P Tierney,10.0,15.0,7.0,7.0,14.0,8.0,2.0,11.0,2.0,1.0,0.0,0.0
22-23,Premier League,22/10/2022,15:00,Everton,Crystal Palace,3,0,H,1.0,0.0,H,S Hooper,9.0,9.0,6.0,2.0,16.0,14.0,3.0,4.0,3.0,4.0,0.0,0.0
22-23,Premier League,22/10/2022,15:00,Man City,Brighton,3,1,H,2.0,0.0,H,C Pawson,10.0,8.0,4.0,2.0,11.0,12.0,7.0,3.0,1.0,3.0,0.0,0.0
22-23,Premier League,22/10/2022,17:30,Chelsea,Man United,1,1,D,0.0,0.0,D,S Attwell,6.0,13.0,2.0,6.0,8.0,10.0,6.0,4.0,1.0,4.0,0.0,0.0
22-23,Premier League,23/10/2022,14:00,Aston Villa,Brentford,4,0,H,3.0,0.0,H,D England,19.0,12.0,11.0,3.0,14.0,11.0,7.0,6.0,1.0,0.0,0.0,0.0
22-23,Premier League,23/10/2022,14:00,Leeds,Fulham,2,3,A,1.0,1.0,D,A Taylor,14.0,11.0,5.0,5.0,12.0,8.0,3.0,6.0,1.0,1.0,0.0,0.0
22-23,Premier League,23/10/2022,14:00,Southampton,Arsenal,1,1,D,0.0,1.0,A,R Jones,10.0,12.0,3.0,3.0,11.0,8.0,9.0,4.0,2.0,1.0,0.0,0.0
22-23,Premier League,23/10/2022,14:00,Wolves,Leicester,0,4,A,0.0,2.0,A,M Oliver,21.0,5.0,5.0,4.0,10.0,13.0,9.0,2.0,2.0,1.0,0.0,0.0
22-23,Premier League,23/10/2022,16:30,Tottenham,Newcastle,1,2,A,0.0,2.0,A,J Gillett,17.0,13.0,5.0,5.0,12.0,6.0,6.0,7.0,4.0,2.0,0.0,0.0
22-23,Premier League,24/10/2022,20:00,West Ham,Bournemouth,2,0,H,1.0,0.0,H,D Coote,20.0,5.0,4.0,3.0,9.0,11.0,5.0,0.0,0.0,2.0,0.0,0.0
22-23,Premier League,29/10/2022,12:30,Leicester,Man City,0,1,A,0.0,0.0,D,R Jones,10.0,15.0,5.0,5.0,5.0,10.0,3.0,10.0,0.0,0.0,0.0,0.0
22-23,Premier League,29/10/2022,15:00,Bournemouth,Tottenham,2,3,A,1.0,0.0,H,A Taylor,6.0,23.0,4.0,7.0,10.0,5.0,2.0,19.0,1.0,2.0,0.0,0.0
22-23,Premier League,29/10/2022,15:00,Brentford,Wolves,1,1,D,0.0,0.0,D,R Madley,12.0,14.0,3.0,4.0,10.0,17.0,3.0,6.0,3.0,3.0,0.0,1.0
22-23,Premier League,29/10/2022,15:00,Brighton,Chelsea,4,1,H,3.0,0.0,H,A Madley,19.0,15.0,9.0,7.0,16.0,6.0,8.0,7.0,1.0,2.0,0.0,0.0
22-23,Premier League,29/10/2022,15:00,Crystal Palace,Southampton,1,0,H,1.0,0.0,H,M Salisbury,12.0,14.0,3.0,4.0,13.0,12.0,8.0,4.0,3.0,3.0,0.0,0.0
22-23,Premier League,29/10/2022,15:00,Newcastle,Aston Villa,4,0,H,1.0,0.0,H,P Tierney,20.0,3.0,7.0,0.0,11.0,11.0,3.0,0.0,1.0,1.0,0.0,0.0
22-23,Premier League,29/10/2022,17:30,Fulham,Everton,0,0,D,0.0,0.0,D,J Brooks,24.0,9.0,6.0,4.0,10.0,8.0,13.0,4.0,2.0,1.0,0.0,0.0
22-23,Premier League,29/10/2022,19:45,Liverpool,Leeds,1,2,A,1.0,1.0,D,M Oliver,22.0,14.0,10.0,6.0,9.0,3.0,14.0,5.0,0.0,1.0,0.0,0.0
22-23,Premier League,30/10/2022,14:00,Arsenal,Nott'm Forest,5,0,H,1.0,0.0,H,S Hooper,24.0,5.0,10.0,2.0,9.0,8.0,9.0,4.0,0.0,1.0,0.0,0.0
22-23,Premier League,30/10/2022,16:15,Man United,West Ham,1,0,H,1.0,0.0,H,C Kavanagh,16.0,13.0,3.0,5.0,12.0,10.0,5.0,10.0,1.0,3.0,0.0,0.0
22-23,Premier League,05/11/2022,15:00,Leeds,Bournemouth,4,3,H,1.0,2.0,A,T Harrington,18.0,9.0,4.0,6.0,16.0,10.0,13.0,3.0,2.0,2.0,0.0,0.0
22-23,Premier League,05/11/2022,15:00,Man City,Fulham,2,1,H,1.0,1.0,D,D England,16.0,4.0,5.0,2.0,6.0,11.0,9.0,0.0,2.0,4.0,1.0,0.0
22-23,Premier League,05/11/2022,15:00,Nott'm Forest,Brentford,2,2,D,1.0,1.0,D,A Marriner,15.0,6.0,7.0,2.0,10.0,11.0,3.0,3.0,2.0,2.0,0.0,0.0
22-23,Premier League,05/11/2022,15:00,Wolves,Brighton,2,3,A,2.0,2.0,D,G Scott,8.0,19.0,5.0,8.0,15.0,11.0,4.0,9.0,2.0,0.0,1.0,0.0
22-23,Premier League,05/11/2022,17:30,Everton,Leicester,0,2,A,0.0,1.0,A,D Coote,12.0,22.0,2.0,8.0,9.0,5.0,8.0,3.0,0.0,0.0,0.0,0.0
22-23,Premier League,06/11/2022,12:00,Chelsea,Arsenal,0,1,A,0.0,0.0,D,M Oliver,5.0,14.0,1.0,2.0,20.0,13.0,4.0,6.0,5.0,2.0,0.0,0.0
22-23,Premier League,06/11/2022,14:00,Aston Villa,Man United,3,1,H,2.0,1.0,H,A Taylor,6.0,8.0,4.0,3.0,6.0,12.0,3.0,5.0,3.0,3.0,0.0,0.0
22-23,Premier League,06/11/2022,14:00,Southampton,Newcastle,1,4,A,0.0,1.0,A,S Attwell,16.0,7.0,5.0,4.0,7.0,10.0,8.0,2.0,1.0,0.0,0.0,0.0
22-23,Premier League,06/11/2022,14:00,West Ham,Crystal Palace,1,2,A,1.0,1.0,D,P Tierney,5.0,15.0,2.0,6.0,10.0,7.0,2.0,5.0,1.0,1.0,0.0,0.0
22-23,Premier League,06/11/2022,16:30,Tottenham,Liverpool,1,2,A,0.0,2.0,A,A Madley,14.0,13.0,5.0,6.0,10.0,8.0,5.0,3.0,0.0,0.0,0.0,0.0
22-23,Premier League,12/11/2022,12:30,Man City,Brentford,1,2,A,1.0,1.0,D,P Bankes,29.0,10.0,6.0,8.0,9.0,7.0,10.0,2.0,2.0,2.0,0.0,0.0
22-23,Premier League,12/11/2022,15:00,Bournemouth,Everton,3,0,H,2.0,0.0,H,C Pawson,16.0,15.0,9.0,3.0,12.0,8.0,3.0,5.0,2.0,0.0,0.0,0.0
22-23,Premier League,12/11/2022,15:00,Liverpool,Southampton,3,1,H,3.0,1.0,H,S Hooper,15.0,9.0,7.0,5.0,8.0,8.0,6.0,0.0,0.0,2.0,0.0,0.0
22-23,Premier League,12/11/2022,15:00,Nott'm Forest,Crystal Palace,1,0,H,0.0,0.0,D,J Brooks,9.0,8.0,2.0,0.0,11.0,13.0,1.0,5.0,1.0,4.0,0.0,0.0
22-23,Premier League,12/11/2022,15:00,Tottenham,Leeds,4,3,H,1.0,2.0,A,M Salisbury,14.0,12.0,8.0,5.0,8.0,7.0,9.0,2.0,1.0,1.0,0.0,1.0
22-23,Premier League,12/11/2022,15:00,West Ham,Leicester,0,2,A,0.0,1.0,A,J Gillett,18.0,9.0,6.0,6.0,9.0,8.0,7.0,2.0,3.0,1.0,0.0,0.0
22-23,Premier League,12/11/2022,17:30,Newcastle,Chelsea,1,0,H,0.0,0.0,D,R Jones,10.0,5.0,3.0,2.0,14.0,11.0,5.0,3.0,3.0,2.0,0.0,0.0
22-23,Premier League,12/11/2022,19:45,Wolves,Arsenal,0,2,A,0.0,0.0,D,S Attwell,11.0,14.0,2.0,4.0,5.0,6.0,6.0,4.0,3.0,2.0,0.0,0.0
22-23,Premier League,13/11/2022,14:00,Brighton,Aston Villa,1,2,A,1.0,1.0,D,C Kavanagh,7.0,8.0,2.0,2.0,14.0,11.0,11.0,4.0,2.0,7.0,0.0,0.0
22-23,Premier League,13/11/2022,16:30,Fulham,Man United,1,2,A,0.0,1.0,A,P Tierney,14.0,14.0,7.0,9.0,9.0,10.0,10.0,3.0,1.0,1.0,0.0,0.0
22-23,Premier League,26/12/2022,12:30,Brentford,Tottenham,2,2,D,1.0,0.0,H,D Coote,9.0,16.0,5.0,8.0,11.0,10.0,6.0,5.0,3.0,1.0,0.0,0.0
22-23,Premier League,26/12/2022,15:00,Crystal Palace,Fulham,0,3,A,0.0,1.0,A,A Madley,4.0,23.0,0.0,11.0,12.0,15.0,1.0,8.0,0.0,0.0,2.0,0.0
22-23,Premier League,26/12/2022,15:00,Everton,Wolves,1,2,A,1.0,1.0,D,C Pawson,12.0,7.0,6.0,4.0,9.0,22.0,2.0,2.0,1.0,6.0,0.0,0.0
22-23,Premier League,26/12/2022,15:00,Leicester,Newcastle,0,3,A,0.0,3.0,A,J Gillett,8.0,12.0,2.0,5.0,9.0,6.0,5.0,5.0,0.0,0.0,0.0,0.0
22-23,Premier League,26/12/2022,15:00,Southampton,Brighton,1,3,A,0.0,2.0,A,R Jones,14.0,7.0,4.0,4.0,9.0,10.0,4.0,2.0,1.0,2.0,0.0,0.0
22-23,Premier League,26/12/2022,17:30,Aston Villa,Liverpool,1,3,A,0.0,2.0,A,P Tierney,12.0,16.0,6.0,9.0,7.0,12.0,0.0,6.0,0.0,0.0,0.0,0.0
22-23,Premier League,26/12/2022,20:00,Arsenal,West Ham,3,1,H,0.0,1.0,A,M Oliver,16.0,8.0,5.0,4.0,13.0,17.0,7.0,5.0,0.0,2.0,0.0,0.0
22-23,Premier League,27/12/2022,17:30,Chelsea,Bournemouth,2,0,H,2.0,0.0,H,S Hooper,15.0,9.0,5.0,4.0,8.0,10.0,6.0,8.0,0.0,0.0,0.0,0.0
22-23,Premier League,27/12/2022,20:00,Man United,Nott'm Forest,3,0,H,2.0,0.0,H,A Taylor,17.0,8.0,8.0,3.0,13.0,4.0,9.0,9.0,3.0,1.0,0.0,0.0
22-23,Premier League,28/12/2022,20:00,Leeds,Man City,1,3,A,0.0,1.0,A,S Attwell,9.0,26.0,1.0,9.0,11.0,14.0,3.0,5.0,3.0,3.0,0.0,0.0
22-23,Premier League,30/12/2022,19:45,West Ham,Brentford,0,2,A,0.0,2.0,A,D England,20.0,9.0,5.0,6.0,9.0,5.0,8.0,1.0,1.0,0.0,0.0,0.0
22-23,Premier League,30/12/2022,20:00,Liverpool,Leicester,2,1,H,2.0,1.0,H,C Pawson,21.0,7.0,5.0,2.0,8.0,15.0,4.0,5.0,0.0,1.0,0.0,0.0
22-23,Premier League,31/12/2022,12:30,Wolves,Man United,0,1,A,0.0,0.0,D,R Jones,10.0,16.0,3.0,6.0,11.0,11.0,7.0,5.0,1.0,3.0,0.0,0.0
22-23,Premier League,31/12/2022,15:00,Bournemouth,Crystal Palace,0,2,A,0.0,2.0,A,A Marriner,6.0,15.0,2.0,6.0,17.0,11.0,2.0,7.0,4.0,1.0,0.0,0.0
22-23,Premier League,31/12/2022,15:00,Fulham,Southampton,2,1,H,1.0,0.0,H,G Scott,8.0,9.0,2.0,3.0,8.0,13.0,4.0,4.0,0.0,1.0,0.0,0.0
22-23,Premier League,31/12/2022,15:00,Man City,Everton,1,1,D,1.0,0.0,H,A Madley,16.0,2.0,3.0,1.0,13.0,14.0,7.0,1.0,3.0,4.0,0.0,0.0
22-23,Premier League,31/12/2022,15:00,Newcastle,Leeds,0,0,D,0.0,0.0,D,S Hooper,16.0,8.0,5.0,1.0,13.0,19.0,9.0,3.0,3.0,5.0,0.0,0.0
22-23,Premier League,31/12/2022,17:30,Brighton,Arsenal,2,4,A,0.0,2.0,A,A Taylor,9.0,14.0,5.0,7.0,7.0,11.0,7.0,4.0,3.0,3.0,0.0,0.0
22-23,Premier League,01/01/2023,14:00,Tottenham,Aston Villa,0,2,A,0.0,0.0,D,J Brooks,6.0,13.0,2.0,4.0,15.0,10.0,5.0,3.0,4.0,3.0,0.0,0.0
22-23,Premier League,01/01/2023,16:30,Nott'm Forest,Chelsea,1,1,D,0.0,1.0,A,P Bankes,12.0,7.0,5.0,2.0,16.0,14.0,1.0,2.0,2.0,2.0,0.0,0.0
22-23,Premier League,02/01/2023,17:30,Brentford,Liverpool,3,1,H,2.0,0.0,H,S Attwell,10.0,16.0,7.0,6.0,5.0,8.0,4.0,9.0,1.0,3.0,0.0,0.0
22-23,Premier League,03/01/2023,19:45,Arsenal,Newcastle,0,0,D,0.0,0.0,D,A Madley,17.0,8.0,4.0,1.0,10.0,16.0,5.0,5.0,4.0,4.0,0.0,0.0
22-23,Premier League,03/01/2023,19:45,Everton,Brighton,1,4,A,0.0,1.0,A,A Marriner,10.0,19.0,4.0,8.0,8.0,10.0,5.0,2.0,3.0,1.0,0.0,0.0
22-23,Premier League,03/01/2023,19:45,Leicester,Fulham,0,1,A,0.0,1.0,A,D Bond,15.0,11.0,6.0,2.0,12.0,11.0,6.0,3.0,2.0,6.0,0.0,0.0
22-23,Premier League,03/01/2023,20:00,Man United,Bournemouth,3,0,H,1.0,0.0,H,M Salisbury,18.0,7.0,6.0,4.0,13.0,7.0,6.0,5.0,0.0,3.0,0.0,0.0
22-23,Premier League,04/01/2023,19:30,Southampton,Nott'm Forest,0,1,A,0.0,1.0,A,T Bramall,8.0,11.0,0.0,1.0,14.0,17.0,6.0,2.0,2.0,2.0,0.0,0.0
22-23,Premier League,04/01/2023,19:45,Leeds,West Ham,2,2,D,1.0,1.0,D,D Coote,14.0,15.0,6.0,2.0,11.0,18.0,8.0,1.0,3.0,1.0,0.0,0.0
22-23,Premier League,04/01/2023,20:00,Aston Villa,Wolves,1,1,D,0.0,1.0,A,J Gillett,13.0,10.0,4.0,3.0,6.0,12.0,7.0,8.0,1.0,3.0,0.0,0.0
22-23,Premier League,04/01/2023,20:00,Crystal Palace,Tottenham,0,4,A,0.0,0.0,D,M Oliver,19.0,14.0,4.0,6.0,11.0,8.0,10.0,4.0,1.0,2.0,0.0,0.0
22-23,Premier League,05/01/2023,20:00,Chelsea,Man City,0,1,A,0.0,0.0,D,P Tierney,8.0,12.0,2.0,3.0,9.0,9.0,3.0,2.0,2.0,0.0,0.0,0.0
22-23,Premier League,12/01/2023,20:00,Fulham,Chelsea,2,1,H,1.0,0.0,H,D Coote,8.0,20.0,3.0,10.0,12.0,16.0,5.0,7.0,4.0,3.0,0.0,1.0
22-23,Premier League,13/01/2023,20:00,Aston Villa,Leeds,2,1,H,1.0,0.0,H,M Oliver,11.0,16.0,5.0,4.0,12.0,8.0,0.0,11.0,2.0,2.0,0.0,0.0
22-23,Premier League,14/01/2023,12:30,Man United,Man City,2,1,H,0.0,0.0,D,S Attwell,8.0,5.0,4.0,1.0,15.0,5.0,1.0,2.0,3.0,0.0,0.0,0.0
22-23,Premier League,14/01/2023,15:00,Brighton,Liverpool,3,0,H,0.0,0.0,D,D England,16.0,6.0,9.0,2.0,8.0,15.0,7.0,1.0,1.0,3.0,0.0,0.0
22-23,Premier League,14/01/2023,15:00,Everton,Southampton,1,2,A,1.0,0.0,H,J Brooks,12.0,13.0,4.0,5.0,7.0,19.0,6.0,4.0,0.0,3.0,0.0,0.0
22-23,Premier League,14/01/2023,15:00,Nott'm Forest,Leicester,2,0,H,0.0,0.0,D,P Tierney,15.0,6.0,5.0,1.0,11.0,12.0,3.0,5.0,1.0,2.0,0.0,0.0
22-23,Premier League,14/01/2023,15:00,Wolves,West Ham,1,0,H,0.0,0.0,D,S Hooper,17.0,16.0,4.0,4.0,10.0,7.0,4.0,3.0,0.0,2.0,0.0,0.0
22-23,Premier League,14/01/2023,17:30,Brentford,Bournemouth,2,0,H,1.0,0.0,H,J Gillett,12.0,7.0,4.0,2.0,5.0,9.0,5.0,3.0,1.0,1.0,0.0,0.0
22-23,Premier League,15/01/2023,14:00,Chelsea,Crystal Palace,1,0,H,0.0,0.0,D,P Bankes,15.0,10.0,5.0,5.0,10.0,17.0,11.0,7.0,2.0,5.0,0.0,0.0
22-23,Premier League,15/01/2023,14:00,Newcastle,Fulham,1,0,H,0.0,0.0,D,R Jones,20.0,5.0,5.0,0.0,6.0,14.0,10.0,5.0,1.0,3.0,0.0,0.0
22-23,Premier League,15/01/2023,16:30,Tottenham,Arsenal,0,2,A,0.0,2.0,A,C Pawson,17.0,14.0,7.0,5.0,16.0,15.0,4.0,3.0,4.0,2.0,0.0,0.0
22-23,Premier League,18/01/2023,20:00,Crystal Palace,Man United,1,1,D,0.0,1.0,A,R Jones,10.0,15.0,5.0,4.0,9.0,10.0,3.0,3.0,1.0,2.0,0.0,0.0
22-23,Premier League,19/01/2023,20:00,Man City,Tottenham,4,2,H,0.0,2.0,A,S Hooper,16.0,9.0,6.0,3.0,10.0,14.0,8.0,3.0,1.0,2.0,0.0,0.0
22-23,Premier League,21/01/2023,12:30,Liverpool,Chelsea,0,0,D,0.0,0.0,D,M Oliver,15.0,11.0,3.0,2.0,16.0,9.0,5.0,5.0,3.0,1.0,0.0,0.0
22-23,Premier League,21/01/2023,15:00,Bournemouth,Nott'm Forest,1,1,D,1.0,0.0,H,A Madley,16.0,20.0,4.0,5.0,10.0,7.0,4.0,6.0,1.0,2.0,0.0,0.0
22-23,Premier League,21/01/2023,15:00,Leicester,Brighton,2,2,D,1.0,1.0,D,T Bramall,9.0,13.0,2.0,4.0,9.0,9.0,5.0,6.0,0.0,1.0,0.0,0.0
22-23,Premier League,21/01/2023,15:00,Southampton,Aston Villa,0,1,A,0.0,0.0,D,M Salisbury,8.0,16.0,5.0,5.0,19.0,9.0,2.0,2.0,1.0,2.0,0.0,0.0
22-23,Premier League,21/01/2023,15:00,West Ham,Everton,2,0,H,2.0,0.0,H,S Attwell,11.0,5.0,4.0,2.0,9.0,6.0,4.0,9.0,1.0,1.0,0.0,0.0
22-23,Premier League,21/01/2023,17:30,Crystal Palace,Newcastle,0,0,D,0.0,0.0,D,C Pawson,6.0,16.0,1.0,7.0,13.0,7.0,3.0,15.0,4.0,2.0,0.0,0.0
22-23,Premier League,22/01/2023,14:00,Leeds,Brentford,0,0,D,0.0,0.0,D,P Bankes,9.0,6.0,5.0,0.0,10.0,18.0,2.0,3.0,2.0,2.0,0.0,0.0
22-23,Premier League,22/01/2023,14:00,Man City,Wolves,3,0,H,1.0,0.0,H,D Coote,13.0,10.0,7.0,1.0,10.0,10.0,5.0,7.0,1.0,2.0,0.0,0.0
22-23,Premier League,22/01/2023,16:30,Arsenal,Man United,3,2,H,1.0,1.0,D,A Taylor,25.0,6.0,5.0,4.0,8.0,9.0,12.0,4.0,1.0,2.0,0.0,0.0
22-23,Premier League,23/01/2023,20:00,Fulham,Tottenham,0,1,A,0.0,1.0,A,P Tierney,10.0,10.0,5.0,3.0,10.0,10.0,3.0,8.0,1.0,3.0,0.0,0.0
22-23,Premier League,03/02/2023,20:00,Chelsea,Fulham,0,0,D,0.0,0.0,D,S Attwell,12.0,10.0,3.0,4.0,16.0,12.0,6.0,2.0,1.0,4.0,0.0,0.0
22-23,Premier League,04/02/2023,12:30,Everton,Arsenal,1,0,H,0.0,0.0,D,D Coote,12.0,15.0,4.0,3.0,13.0,8.0,7.0,5.0,4.0,1.0,0.0,0.0
22-23,Premier League,04/02/2023,15:00,Aston Villa,Leicester,2,4,A,2.0,3.0,A,D England,19.0,9.0,4.0,5.0,10.0,10.0,11.0,3.0,0.0,2.0,0.0,0.0
22-23,Premier League,04/02/2023,15:00,Brentford,Southampton,3,0,H,2.0,0.0,H,D Bond,14.0,14.0,4.0,6.0,10.0,9.0,4.0,4.0,1.0,2.0,0.0,0.0
22-23,Premier League,04/02/2023,15:00,Brighton,Bournemouth,1,0,H,0.0,0.0,D,C Pawson,20.0,12.0,6.0,2.0,14.0,7.0,7.0,3.0,3.0,1.0,0.0,0.0
22-23,Premier League,04/02/2023,15:00,Man United,Crystal Palace,2,1,H,1.0,0.0,H,A Marriner,14.0,10.0,5.0,3.0,9.0,9.0,5.0,5.0,1.0,2.0,1.0,0.0
22-23,Premier League,04/02/2023,15:00,Wolves,Liverpool,3,0,H,2.0,0.0,H,P Tierney,12.0,22.0,6.0,4.0,9.0,7.0,2.0,7.0,1.0,1.0,0.0,0.0
22-23,Premier League,04/02/2023,17:30,Newcastle,West Ham,1,1,D,1.0,1.0,D,P Bankes,8.0,10.0,2.0,1.0,11.0,13.0,4.0,2.0,2.0,1.0,0.0,0.0
22-23,Premier League,05/02/2023,14:00,Nott'm Forest,Leeds,1,0,H,1.0,0.0,H,R Jones,6.0,10.0,2.0,4.0,15.0,14.0,0.0,2.0,4.0,2.0,0.0,0.0
22-23,Premier League,05/02/2023,16:30,Tottenham,Man City,1,0,H,1.0,0.0,H,A Madley,12.0,15.0,3.0,5.0,19.0,14.0,4.0,6.0,2.0,3.0,1.0,0.0
22-23,Premier League,08/02/2023,20:00,Man United,Leeds,2,2,D,0.0,1.0,A,S Hooper,24.0,8.0,7.0,2.0,7.0,11.0,6.0,5.0,1.0,3.0,0.0,0.0
22-23,Premier League,11/02/2023,12:30,West Ham,Chelsea,1,1,D,1.0,1.0,D,C Pawson,10.0,12.0,2.0,4.0,9.0,11.0,5.0,6.0,1.0,1.0,0.0,0.0
22-23,Premier League,11/02/2023,15:00,Arsenal,Brentford,1,1,D,0.0,0.0,D,P Bankes,23.0,9.0,7.0,2.0,9.0,9.0,7.0,4.0,0.0,2.0,0.0,0.0
22-23,Premier League,11/02/2023,15:00,Crystal Palace,Brighton,1,1,D,0.0,0.0,D,M Oliver,6.0,17.0,1.0,7.0,10.0,11.0,1.0,6.0,4.0,1.0,0.0,0.0
22-23,Premier League,11/02/2023,15:00,Fulham,Nott'm Forest,2,0,H,1.0,0.0,H,A Madley,16.0,10.0,3.0,1.0,9.0,11.0,5.0,4.0,0.0,1.0,0.0,0.0
22-23,Premier League,11/02/2023,15:00,Leicester,Tottenham,4,1,H,3.0,1.0,H,M Salisbury,15.0,11.0,7.0,4.0,14.0,9.0,1.0,5.0,5.0,2.0,0.0,0.0
22-23,Premier League,11/02/2023,15:00,Southampton,Wolves,1,2,A,1.0,0.0,H,J Gillett,17.0,11.0,2.0,2.0,12.0,14.0,5.0,2.0,2.0,2.0,0.0,1.0
22-23,Premier League,11/02/2023,17:30,Bournemouth,Newcastle,1,1,D,1.0,1.0,D,S Attwell,11.0,15.0,5.0,7.0,8.0,10.0,4.0,6.0,2.0,3.0,0.0,0.0
22-23,Premier League,12/02/2023,14:00,Leeds,Man United,0,2,A,0.0,0.0,D,P Tierney,16.0,11.0,6.0,5.0,10.0,13.0,7.0,3.0,2.0,1.0,0.0,0.0
22-23,Premier League,12/02/2023,16:30,Man City,Aston Villa,3,1,H,3.0,0.0,H,R Jones,17.0,6.0,9.0,2.0,13.0,14.0,8.0,4.0,1.0,2.0,0.0,0.0
22-23,Premier League,13/02/2023,20:00,Liverpool,Everton,2,0,H,1.0,0.0,H,S Hooper,15.0,6.0,6.0,1.0,8.0,16.0,3.0,3.0,1.0,3.0,0.0,0.0
22-23,Premier League,15/02/2023,19:30,Arsenal,Man City,1,3,A,1.0,1.0,D,A Taylor,10.0,9.0,1.0,6.0,11.0,15.0,1.0,3.0,2.0,3.0,0.0,0.0
22-23,Premier League,18/02/2023,12:30,Aston Villa,Arsenal,2,4,A,2.0,1.0,H,S Hooper,7.0,20.0,5.0,5.0,13.0,4.0,2.0,9.0,2.0,1.0,0.0,0.0
22-23,Premier League,18/02/2023,15:00,Brentford,Crystal Palace,1,1,D,0.0,0.0,D,P Tierney,12.0,10.0,5.0,4.0,10.0,8.0,2.0,6.0,2.0,2.0,0.0,0.0
22-23,Premier League,18/02/2023,15:00,Brighton,Fulham,0,1,A,0.0,0.0,D,D England,21.0,5.0,7.0,2.0,12.0,14.0,10.0,2.0,0.0,5.0,0.0,0.0
22-23,Premier League,18/02/2023,15:00,Chelsea,Southampton,0,1,A,0.0,1.0,A,D Coote,17.0,8.0,5.0,5.0,16.0,24.0,8.0,2.0,3.0,6.0,0.0,0.0
22-23,Premier League,18/02/2023,15:00,Everton,Leeds,1,0,H,0.0,0.0,D,A Madley,15.0,8.0,6.0,0.0,8.0,6.0,6.0,4.0,2.0,3.0,0.0,0.0
22-23,Premier League,18/02/2023,15:00,Nott'm Forest,Man City,1,1,D,0.0,1.0,A,G Scott,4.0,26.0,1.0,6.0,8.0,6.0,0.0,10.0,1.0,0.0,0.0,0.0
22-23,Premier League,18/02/2023,15:00,Wolves,Bournemouth,0,1,A,0.0,0.0,D,M Salisbury,15.0,5.0,4.0,1.0,12.0,10.0,12.0,2.0,3.0,3.0,0.0,0.0
22-23,Premier League,18/02/2023,17:30,Newcastle,Liverpool,0,2,A,0.0,2.0,A,A Taylor,14.0,13.0,4.0,7.0,3.0,8.0,6.0,7.0,1.0,1.0,1.0,0.0
22-23,Premier League,19/02/2023,14:00,Man United,Leicester,3,0,H,1.0,0.0,H,S Attwell,26.0,19.0,8.0,3.0,9.0,9.0,6.0,6.0,0.0,2.0,0.0,0.0
22-23,Premier League,19/02/2023,16:30,Tottenham,West Ham,2,0,H,0.0,0.0,D,M Oliver,16.0,6.0,6.0,1.0,16.0,10.0,4.0,7.0,2.0,1.0,0.0,0.0
22-23,Premier League,24/02/2023,20:00,Fulham,Wolves,1,1,D,0.0,1.0,A,M Oliver,10.0,8.0,5.0,2.0,12.0,17.0,4.0,3.0,2.0,0.0,0.0,0.0
22-23,Premier League,25/02/2023,15:00,Everton,Aston Villa,0,2,A,0.0,0.0,D,A Taylor,15.0,9.0,5.0,5.0,12.0,12.0,5.0,1.0,2.0,1.0,0.0,0.0
22-23,Premier League,25/02/2023,15:00,Leeds,Southampton,1,0,H,0.0,0.0,D,P Bankes,14.0,8.0,4.0,2.0,15.0,13.0,9.0,2.0,2.0,4.0,0.0,0.0
22-23,Premier League,25/02/2023,15:00,Leicester,Arsenal,0,1,A,0.0,0.0,D,C Pawson,1.0,10.0,0.0,2.0,14.0,9.0,0.0,8.0,0.0,1.0,0.0,0.0
22-23,Premier League,25/02/2023,15:00,West Ham,Nott'm Forest,4,0,H,0.0,0.0,D,J Gillett,18.0,8.0,5.0,3.0,8.0,5.0,12.0,3.0,0.0,0.0,0.0,0.0
22-23,Premier League,25/02/2023,17:30,Bournemouth,Man City,1,4,A,0.0,3.0,A,P Tierney,13.0,20.0,2.0,5.0,10.0,9.0,4.0,6.0,2.0,2.0,0.0,0.0
22-23,Premier League,25/02/2023,19:45,Crystal Palace,Liverpool,0,0,D,0.0,0.0,D,D England,6.0,12.0,0.0,4.0,11.0,14.0,5.0,3.0,2.0,5.0,0.0,0.0
22-23,Premier League,26/02/2023,13:30,Tottenham,Chelsea,2,0,H,0.0,0.0,D,S Attwell,8.0,10.0,3.0,2.0,10.0,10.0,4.0,4.0,2.0,3.0,0.0,0.0
22-23,Premier League,01/03/2023,19:45,Arsenal,Everton,4,0,H,2.0,0.0,H,M Oliver,15.0,8.0,5.0,5.0,5.0,12.0,5.0,1.0,0.0,2.0,0.0,0.0
22-23,Premier League,01/03/2023,20:00,Liverpool,Wolves,2,0,H,0.0,0.0,D,P Tierney,15.0,4.0,6.0,1.0,13.0,14.0,5.0,2.0,2.0,3.0,0.0,0.0
22-23,Premier League,04/03/2023,12:30,Man City,Newcastle,2,0,H,1.0,0.0,H,S Hooper,11.0,5.0,3.0,2.0,8.0,13.0,8.0,4.0,2.0,4.0,0.0,0.0
22-23,Premier League,04/03/2023,15:00,Arsenal,Bournemouth,3,2,H,0.0,1.0,A,C Kavanagh,31.0,4.0,9.0,4.0,6.0,8.0,17.0,1.0,0.0,2.0,0.0,0.0
22-23,Premier League,04/03/2023,15:00,Aston Villa,Crystal Palace,1,0,H,1.0,0.0,H,C Pawson,8.0,3.0,1.0,0.0,14.0,17.0,2.0,4.0,2.0,3.0,0.0,1.0
22-23,Premier League,04/03/2023,15:00,Brighton,West Ham,4,0,H,1.0,0.0,H,S Attwell,20.0,3.0,9.0,2.0,6.0,8.0,7.0,3.0,0.0,3.0,0.0,0.0
22-23,Premier League,04/03/2023,15:00,Chelsea,Leeds,1,0,H,0.0,0.0,D,M Oliver,13.0,11.0,3.0,2.0,10.0,7.0,5.0,7.0,2.0,0.0,0.0,0.0
22-23,Premier League,04/03/2023,15:00,Wolves,Tottenham,1,0,H,0.0,0.0,D,T Robinson,8.0,21.0,5.0,6.0,11.0,18.0,4.0,8.0,1.0,1.0,0.0,0.0
22-23,Premier League,04/03/2023,17:30,Southampton,Leicester,1,0,H,1.0,0.0,H,R Jones,11.0,11.0,5.0,0.0,12.0,11.0,3.0,4.0,4.0,2.0,0.0,0.0
22-23,Premier League,05/03/2023,14:00,Nott'm Forest,Everton,2,2,D,1.0,2.0,A,J Brooks,10.0,10.0,4.0,3.0,11.0,17.0,3.0,3.0,3.0,5.0,0.0,0.0
22-23,Premier League,05/03/2023,16:30,Liverpool,Man United,7,0,H,1.0,0.0,H,A Madley,18.0,8.0,8.0,4.0,13.0,14.0,4.0,3.0,2.0,3.0,0.0,0.0
22-23,Premier League,06/03/2023,20:00,Brentford,Fulham,3,2,H,1.0,1.0,D,A Taylor,14.0,9.0,6.0,5.0,12.0,17.0,2.0,3.0,0.0,3.0,0.0,0.0
22-23,Premier League,11/03/2023,12:30,Bournemouth,Liverpool,1,0,H,1.0,0.0,H,J Brooks,5.0,15.0,2.0,6.0,7.0,9.0,3.0,8.0,2.0,1.0,0.0,0.0
22-23,Premier League,11/03/2023,15:00,Everton,Brentford,1,0,H,1.0,0.0,H,S Hooper,13.0,12.0,6.0,4.0,11.0,12.0,5.0,8.0,2.0,1.0,0.0,0.0
22-23,Premier League,11/03/2023,15:00,Leeds,Brighton,2,2,D,1.0,1.0,D,P Tierney,12.0,14.0,4.0,2.0,12.0,9.0,4.0,7.0,1.0,1.0,0.0,0.0
22-23,Premier League,11/03/2023,15:00,Leicester,Chelsea,1,3,A,1.0,2.0,A,A Marriner,17.0,12.0,7.0,6.0,10.0,11.0,2.0,5.0,1.0,2.0,1.0,0.0
22-23,Premier League,11/03/2023,15:00,Tottenham,Nott'm Forest,3,1,H,2.0,0.0,H,C Pawson,15.0,9.0,7.0,5.0,13.0,13.0,2.0,10.0,3.0,1.0,0.0,0.0
22-23,Premier League,11/03/2023,17:30,Crystal Palace,Man City,0,1,A,0.0,0.0,D,R Jones,4.0,14.0,0.0,4.0,11.0,17.0,2.0,6.0,2.0,2.0,0.0,0.0
22-23,Premier League,12/03/2023,14:00,Fulham,Arsenal,0,3,A,0.0,3.0,A,D Coote,12.0,15.0,2.0,7.0,10.0,9.0,4.0,8.0,0.0,1.0,0.0,0.0
22-23,Premier League,12/03/2023,14:00,Man United,Southampton,0,0,D,0.0,0.0,D,A Taylor,10.0,17.0,4.0,4.0,12.0,9.0,7.0,8.0,2.0,0.0,0.0,0.0
22-23,Premier League,12/03/2023,14:00,West Ham,Aston Villa,1,1,D,1.0,1.0,D,C Kavanagh,17.0,12.0,6.0,4.0,8.0,6.0,13.0,2.0,1.0,0.0,0.0,0.0
22-23,Premier League,12/03/2023,16:30,Newcastle,Wolves,2,1,H,1.0,0.0,H,A Madley,19.0,7.0,8.0,4.0,11.0,10.0,10.0,3.0,1.0,2.0,0.0,0.0
22-23,Premier League,15/03/2023,19:30,Brighton,Crystal Palace,1,0,H,1.0,0.0,H,P Bankes,11.0,11.0,5.0,3.0,13.0,20.0,1.0,4.0,1.0,2.0,0.0,0.0
22-23,Premier League,15/03/2023,19:30,Southampton,Brentford,0,2,A,0.0,1.0,A,M Salisbury,7.0,11.0,1.0,5.0,14.0,10.0,3.0,3.0,1.0,2.0,0.0,0.0
22-23,Premier League,17/03/2023,20:00,Nott'm Forest,Newcastle,1,2,A,1.0,1.0,D,P Tierney,5.0,15.0,3.0,4.0,17.0,9.0,3.0,7.0,5.0,1.0,0.0,0.0
22-23,Premier League,18/03/2023,15:00,Aston Villa,Bournemouth,3,0,H,1.0,0.0,H,R Jones,20.0,10.0,9.0,3.0,8.0,13.0,9.0,6.0,1.0,4.0,0.0,0.0
22-23,Premier League,18/03/2023,15:00,Brentford,Leicester,1,1,D,1.0,0.0,H,D Bond,11.0,14.0,2.0,1.0,10.0,11.0,8.0,4.0,1.0,2.0,1.0,0.0
22-23,Premier League,18/03/2023,15:00,Southampton,Tottenham,3,3,D,0.0,1.0,A,S Hooper,19.0,17.0,7.0,3.0,13.0,8.0,10.0,3.0,1.0,1.0,0.0,0.0
22-23,Premier League,18/03/2023,15:00,Wolves,Leeds,2,4,A,0.0,1.0,A,M Salisbury,23.0,11.0,8.0,4.0,15.0,9.0,5.0,4.0,3.0,5.0,1.0,0.0
22-23,Premier League,18/03/2023,17:30,Chelsea,Everton,2,2,D,0.0,0.0,D,D England,20.0,12.0,7.0,3.0,8.0,12.0,8.0,2.0,2.0,2.0,0.0,0.0
22-23,Premier League,19/03/2023,14:00,Arsenal,Crystal Palace,4,1,H,2.0,0.0,H,S Attwell,15.0,8.0,5.0,4.0,8.0,10.0,5.0,4.0,0.0,1.0,0.0,0.0
22-23,Premier League,01/04/2023,12:30,Man City,Liverpool,4,1,H,1.0,1.0,D,S Hooper,17.0,4.0,8.0,1.0,9.0,12.0,7.0,1.0,1.0,1.0,0.0,0.0
22-23,Premier League,01/04/2023,15:00,Arsenal,Leeds,4,1,H,1.0,0.0,H,D England,13.0,7.0,6.0,5.0,11.0,13.0,4.0,3.0,0.0,2.0,0.0,0.0
22-23,Premier League,01/04/2023,15:00,Bournemouth,Fulham,2,1,H,0.0,1.0,A,P Bankes,12.0,10.0,7.0,2.0,15.0,13.0,4.0,3.0,1.0,4.0,0.0,0.0
22-23,Premier League,01/04/2023,15:00,Brighton,Brentford,3,3,D,2.0,2.0,D,M Oliver,33.0,7.0,15.0,5.0,16.0,10.0,14.0,0.0,2.0,1.0,0.0,0.0
22-23,Premier League,01/04/2023,15:00,Crystal Palace,Leicester,2,1,H,0.0,0.0,D,T Robinson,31.0,3.0,9.0,2.0,12.0,16.0,10.0,1.0,3.0,4.0,0.0,0.0
22-23,Premier League,01/04/2023,15:00,Nott'm Forest,Wolves,1,1,D,1.0,0.0,H,C Kavanagh,17.0,8.0,7.0,1.0,14.0,13.0,4.0,3.0,3.0,5.0,0.0,0.0
22-23,Premier League,01/04/2023,17:30,Chelsea,Aston Villa,0,2,A,0.0,1.0,A,A Madley,27.0,5.0,8.0,2.0,14.0,16.0,13.0,2.0,3.0,3.0,0.0,0.0
22-23,Premier League,02/04/2023,14:00,West Ham,Southampton,1,0,H,1.0,0.0,H,P Tierney,12.0,9.0,2.0,3.0,10.0,11.0,5.0,3.0,0.0,2.0,0.0,0.0
22-23,Premier League,02/04/2023,16:30,Newcastle,Man United,2,0,H,0.0,0.0,D,S Attwell,22.0,6.0,6.0,1.0,8.0,12.0,7.0,4.0,0.0,0.0,0.0,0.0
22-23,Premier League,03/04/2023,20:00,Everton,Tottenham,1,1,D,0.0,0.0,D,D Coote,15.0,8.0,6.0,2.0,10.0,14.0,3.0,3.0,0.0,3.0,1.0,1.0
22-23,Premier League,04/04/2023,19:45,Bournemouth,Brighton,0,2,A,0.0,1.0,A,D Bond,14.0,16.0,3.0,6.0,11.0,5.0,5.0,5.0,1.0,1.0,0.0,0.0
22-23,Premier League,04/04/2023,19:45,Leeds,Nott'm Forest,2,1,H,2.0,1.0,H,R Jones,21.0,13.0,6.0,1.0,11.0,13.0,11.0,4.0,1.0,4.0,0.0,0.0
22-23,Premier League,04/04/2023,19:45,Leicester,Aston Villa,1,2,A,1.0,1.0,D,G Scott,9.0,15.0,4.0,5.0,10.0,14.0,4.0,8.0,2.0,0.0,1.0,0.0
22-23,Premier League,04/04/2023,20:00,Chelsea,Liverpool,0,0,D,0.0,0.0,D,A Taylor,12.0,7.0,3.0,4.0,6.0,17.0,3.0,5.0,1.0,4.0,0.0,0.0
22-23,Premier League,05/04/2023,20:00,Man United,Brentford,1,0,H,1.0,0.0,H,J Brooks,18.0,6.0,3.0,1.0,8.0,13.0,12.0,3.0,3.0,2.0,0.0,0.0
22-23,Premier League,05/04/2023,20:00,West Ham,Newcastle,1,5,A,1.0,2.0,A,C Pawson,7.0,15.0,2.0,8.0,11.0,12.0,7.0,6.0,2.0,1.0,0.0,0.0
22-23,Premier League,08/04/2023,12:30,Man United,Everton,2,0,H,1.0,0.0,H,M Oliver,29.0,15.0,11.0,1.0,10.0,9.0,10.0,4.0,0.0,0.0,0.0,0.0
22-23,Premier League,08/04/2023,15:00,Aston Villa,Nott'm Forest,2,0,H,0.0,0.0,D,A Taylor,8.0,6.0,3.0,2.0,7.0,17.0,1.0,8.0,3.0,4.0,0.0,0.0
22-23,Premier League,08/04/2023,15:00,Brentford,Newcastle,1,2,A,1.0,0.0,H,C Kavanagh,12.0,10.0,6.0,4.0,10.0,15.0,6.0,5.0,0.0,0.0,0.0,0.0
22-23,Premier League,08/04/2023,15:00,Fulham,West Ham,0,1,A,0.0,1.0,A,J Gillett,16.0,9.0,3.0,5.0,10.0,12.0,11.0,4.0,1.0,1.0,0.0,0.0
22-23,Premier League,08/04/2023,15:00,Leicester,Bournemouth,0,1,A,0.0,1.0,A,D Coote,14.0,19.0,4.0,7.0,10.0,13.0,6.0,6.0,0.0,3.0,0.0,0.0
22-23,Premier League,08/04/2023,15:00,Tottenham,Brighton,2,1,H,1.0,1.0,D,S Attwell,9.0,17.0,3.0,4.0,15.0,15.0,3.0,7.0,3.0,1.0,0.0,0.0
22-23,Premier League,08/04/2023,15:00,Wolves,Chelsea,1,0,H,1.0,0.0,H,P Bankes,9.0,13.0,4.0,1.0,14.0,10.0,8.0,8.0,2.0,5.0,0.0,0.0
22-23,Premier League,08/04/2023,17:30,Southampton,Man City,1,4,A,0.0,1.0,A,R Jones,4.0,13.0,1.0,8.0,6.0,10.0,0.0,10.0,0.0,2.0,0.0,0.0
22-23,Premier League,09/04/2023,14:00,Leeds,Crystal Palace,1,5,A,1.0,1.0,D,S Hooper,11.0,16.0,7.0,8.0,11.0,8.0,2.0,4.0,3.0,1.0,0.0,0.0
22-23,Premier League,09/04/2023,16:30,Liverpool,Arsenal,2,2,D,1.0,2.0,A,P Tierney,21.0,9.0,6.0,5.0,11.0,11.0,5.0,4.0,4.0,4.0,0.0,0.0
22-23,Premier League,15/04/2023,12:30,Aston Villa,Newcastle,3,0,H,1.0,0.0,H,J Brooks,16.0,8.0,6.0,2.0,13.0,15.0,7.0,2.0,1.0,1.0,0.0,0.0
22-23,Premier League,15/04/2023,15:00,Chelsea,Brighton,1,2,A,1.0,1.0,D,R Jones,8.0,26.0,2.0,10.0,11.0,11.0,2.0,8.0,2.0,2.0,0.0,0.0
22-23,Premier League,15/04/2023,15:00,Everton,Fulham,1,3,A,1.0,1.0,D,A Taylor,15.0,21.0,7.0,7.0,10.0,6.0,4.0,8.0,3.0,2.0,0.0,0.0
22-23,Premier League,15/04/2023,15:00,Southampton,Crystal Palace,0,2,A,0.0,0.0,D,M Oliver,11.0,9.0,4.0,2.0,6.0,13.0,6.0,2.0,3.0,1.0,0.0,0.0
22-23,Premier League,15/04/2023,15:00,Tottenham,Bournemouth,2,3,A,1.0,1.0,D,A Madley,24.0,6.0,8.0,6.0,8.0,9.0,8.0,1.0,1.0,2.0,0.0,0.0
22-23,Premier League,15/04/2023,15:00,Wolves,Brentford,2,0,H,1.0,0.0,H,P Tierney,11.0,10.0,9.0,3.0,12.0,8.0,5.0,2.0,1.0,1.0,0.0,0.0
22-23,Premier League,15/04/2023,17:30,Man City,Leicester,3,1,H,3.0,0.0,H,D England,12.0,10.0,4.0,4.0,8.0,8.0,6.0,2.0,1.0,1.0,0.0,0.0
22-23,Premier League,16/04/2023,14:00,West Ham,Arsenal,2,2,D,1.0,2.0,A,D Coote,16.0,11.0,3.0,5.0,11.0,8.0,7.0,2.0,1.0,2.0,0.0,0.0
22-23,Premier League,16/04/2023,16:30,Nott'm Forest,Man United,0,2,A,0.0,1.0,A,S Hooper,6.0,22.0,0.0,8.0,9.0,9.0,4.0,9.0,2.0,2.0,0.0,0.0
22-23,Premier League,17/04/2023,20:00,Leeds,Liverpool,1,6,A,0.0,2.0,A,C Pawson,13.0,13.0,3.0,7.0,6.0,12.0,4.0,2.0,0.0,1.0,0.0,0.0
22-23,Premier League,21/04/2023,20:00,Arsenal,Southampton,3,3,D,1.0,2.0,A,S Hooper,25.0,8.0,6.0,6.0,10.0,14.0,7.0,2.0,1.0,5.0,0.0,0.0
22-23,Premier League,22/04/2023,12:30,Fulham,Leeds,2,1,H,0.0,0.0,D,P Bankes,12.0,10.0,5.0,2.0,10.0,15.0,8.0,6.0,1.0,4.0,0.0,0.0
22-23,Premier League,22/04/2023,15:00,Brentford,Aston Villa,1,1,D,0.0,0.0,D,M Salisbury,6.0,14.0,5.0,2.0,12.0,8.0,8.0,4.0,3.0,2.0,0.0,0.0
22-23,Premier League,22/04/2023,15:00,Crystal Palace,Everton,0,0,D,0.0,0.0,D,J Brooks,12.0,10.0,2.0,5.0,12.0,14.0,8.0,1.0,1.0,1.0,0.0,1.0
22-23,Premier League,22/04/2023,15:00,Leicester,Wolves,2,1,H,1.0,1.0,D,A Madley,15.0,16.0,8.0,3.0,17.0,16.0,1.0,7.0,1.0,3.0,0.0,0.0
22-23,Premier League,22/04/2023,15:00,Liverpool,Nott'm Forest,3,2,H,0.0,0.0,D,M Oliver,18.0,11.0,6.0,5.0,9.0,12.0,9.0,3.0,0.0,1.0,0.0,0.0
22-23,Premier League,23/04/2023,14:00,Bournemouth,West Ham,0,4,A,0.0,3.0,A,A Taylor,17.0,18.0,5.0,10.0,7.0,8.0,8.0,5.0,1.0,2.0,0.0,0.0
22-23,Premier League,23/04/2023,14:00,Newcastle,Tottenham,6,1,H,5.0,0.0,H,D Coote,25.0,11.0,8.0,3.0,7.0,13.0,9.0,3.0,0.0,3.0,0.0,0.0
22-23,Premier League,25/04/2023,19:30,Wolves,Crystal Palace,2,0,H,1.0,0.0,H,R Jones,9.0,14.0,3.0,4.0,13.0,14.0,6.0,11.0,5.0,4.0,0.0,0.0
22-23,Premier League,25/04/2023,19:45,Aston Villa,Fulham,1,0,H,1.0,0.0,H,T Bramall,14.0,1.0,3.0,0.0,6.0,18.0,8.0,2.0,3.0,2.0,0.0,0.0
22-23,Premier League,25/04/2023,20:00,Leeds,Leicester,1,1,D,1.0,0.0,H,P Tierney,13.0,15.0,3.0,3.0,14.0,15.0,3.0,6.0,4.0,2.0,0.0,0.0
22-23,Premier League,26/04/2023,19:30,Nott'm Forest,Brighton,3,1,H,1.0,1.0,D,J Gillett,12.0,17.0,5.0,7.0,7.0,8.0,2.0,7.0,2.0,0.0,0.0,0.0
22-23,Premier League,26/04/2023,19:45,Chelsea,Brentford,0,2,A,0.0,1.0,A,A Madley,15.0,7.0,4.0,1.0,5.0,13.0,5.0,2.0,1.0,2.0,0.0,0.0
22-23,Premier League,26/04/2023,19:45,West Ham,Liverpool,1,2,A,1.0,1.0,D,C Kavanagh,7.0,20.0,2.0,4.0,6.0,8.0,3.0,6.0,0.0,0.0,0.0,0.0
22-23,Premier League,26/04/2023,20:00,Man City,Arsenal,4,1,H,2.0,0.0,H,M Oliver,14.0,8.0,9.0,2.0,13.0,13.0,1.0,3.0,3.0,1.0,0.0,0.0
22-23,Premier League,27/04/2023,19:45,Everton,Newcastle,1,4,A,0.0,1.0,A,A Marriner,13.0,15.0,5.0,8.0,8.0,6.0,3.0,14.0,2.0,1.0,0.0,0.0
22-23,Premier League,27/04/2023,19:45,Southampton,Bournemouth,0,1,A,0.0,0.0,D,D England,11.0,16.0,2.0,2.0,9.0,11.0,6.0,4.0,0.0,3.0,0.0,0.0
22-23,Premier League,27/04/2023,20:15,Tottenham,Man United,2,2,D,0.0,2.0,A,A Taylor,18.0,17.0,7.0,8.0,8.0,7.0,6.0,8.0,1.0,2.0,0.0,0.0
22-23,Premier League,29/04/2023,12:30,Crystal Palace,West Ham,4,3,H,3.0,2.0,H,C Pawson,16.0,8.0,6.0,4.0,9.0,17.0,8.0,5.0,1.0,2.0,0.0,0.0
22-23,Premier League,29/04/2023,15:00,Brentford,Nott'm Forest,2,1,H,0.0,1.0,A,P Bankes,14.0,5.0,8.0,3.0,6.0,13.0,6.0,0.0,1.0,2.0,0.0,0.0
22-23,Premier League,29/04/2023,15:00,Brighton,Wolves,6,0,H,4.0,0.0,H,D Coote,22.0,10.0,8.0,2.0,14.0,11.0,2.0,5.0,1.0,1.0,0.0,0.0
22-23,Premier League,30/04/2023,14:00,Bournemouth,Leeds,4,1,H,2.0,1.0,H,C Kavanagh,12.0,15.0,7.0,6.0,12.0,14.0,2.0,6.0,1.0,0.0,0.0,0.0
22-23,Premier League,30/04/2023,14:00,Fulham,Man City,1,2,A,1.0,2.0,A,S Hooper,4.0,12.0,1.0,9.0,9.0,10.0,2.0,5.0,1.0,3.0,0.0,0.0
22-23,Premier League,30/04/2023,14:00,Man United,Aston Villa,1,0,H,1.0,0.0,H,J Gillett,14.0,7.0,6.0,1.0,16.0,7.0,1.0,4.0,2.0,0.0,0.0,0.0
22-23,Premier League,30/04/2023,14:00,Newcastle,Southampton,3,1,H,0.0,1.0,A,A Taylor,22.0,4.0,5.0,3.0,7.0,10.0,11.0,2.0,1.0,4.0,0.0,0.0
22-23,Premier League,30/04/2023,16:30,Liverpool,Tottenham,4,3,H,3.0,1.0,H,P Tierney,12.0,10.0,4.0,7.0,12.0,6.0,5.0,2.0,3.0,2.0,0.0,0.0
22-23,Premier League,01/05/2023,20:00,Leicester,Everton,2,2,D,2.0,1.0,H,M Oliver,15.0,23.0,6.0,8.0,10.0,12.0,2.0,9.0,4.0,1.0,0.0,0.0
22-23,Premier League,02/05/2023,20:00,Arsenal,Chelsea,3,1,H,3.0,0.0,H,R Jones,16.0,7.0,10.0,4.0,10.0,10.0,7.0,2.0,0.0,2.0,0.0,0.0
22-23,Premier League,03/05/2023,20:00,Liverpool,Fulham,1,0,H,1.0,0.0,H,S Attwell,15.0,9.0,3.0,3.0,10.0,8.0,7.0,5.0,0.0,0.0,0.0,0.0
22-23,Premier League,03/05/2023,20:00,Man City,West Ham,3,0,H,0.0,0.0,D,J Brooks,16.0,6.0,7.0,2.0,8.0,8.0,6.0,3.0,0.0,1.0,0.0,0.0
22-23,Premier League,04/05/2023,20:00,Brighton,Man United,1,0,H,0.0,0.0,D,A Marriner,22.0,16.0,6.0,5.0,10.0,14.0,8.0,6.0,4.0,4.0,0.0,0.0
22-23,Premier League,06/05/2023,15:00,Bournemouth,Chelsea,1,3,A,1.0,1.0,D,J Brooks,10.0,11.0,4.0,5.0,9.0,11.0,7.0,7.0,1.0,3.0,0.0,0.0
22-23,Premier League,06/05/2023,15:00,Man City,Leeds,2,1,H,2.0,0.0,H,A Madley,18.0,4.0,6.0,2.0,3.0,16.0,10.0,1.0,0.0,3.0,0.0,0.0
22-23,Premier League,06/05/2023,15:00,Tottenham,Crystal Palace,1,0,H,1.0,0.0,H,D England,8.0,7.0,3.0,2.0,15.0,14.0,8.0,4.0,3.0,5.0,0.0,0.0
22-23,Premier League,06/05/2023,15:00,Wolves,Aston Villa,1,0,H,1.0,0.0,H,S Attwell,6.0,16.0,2.0,3.0,20.0,9.0,5.0,6.0,3.0,3.0,0.0,0.0
22-23,Premier League,06/05/2023,17:30,Liverpool,Brentford,1,0,H,1.0,0.0,H,A Taylor,15.0,5.0,5.0,1.0,19.0,10.0,7.0,3.0,4.0,2.0,0.0,0.0
22-23,Premier League,07/05/2023,16:30,Newcastle,Arsenal,0,2,A,0.0,1.0,A,C Kavanagh,12.0,10.0,5.0,6.0,16.0,12.0,9.0,4.0,2.0,1.0,0.0,0.0
22-23,Premier League,07/05/2023,19:00,West Ham,Man United,1,0,H,1.0,0.0,H,P Bankes,15.0,19.0,4.0,4.0,4.0,9.0,5.0,6.0,0.0,2.0,0.0,0.0
22-23,Premier League,08/05/2023,15:00,Fulham,Leicester,5,3,H,3.0,0.0,H,R Jones,17.0,18.0,7.0,9.0,13.0,15.0,2.0,7.0,0.0,3.0,0.0,0.0
22-23,Premier League,08/05/2023,17:30,Brighton,Everton,1,5,A,0.0,3.0,A,S Hooper,23.0,10.0,5.0,5.0,11.0,13.0,15.0,1.0,1.0,5.0,0.0,0.0
22-23,Premier League,08/05/2023,20:00,Nott'm Forest,Southampton,4,3,H,3.0,1.0,H,M Oliver,9.0,19.0,4.0,5.0,16.0,10.0,2.0,11.0,1.0,0.0,0.0,0.0
22-23,Premier League,13/05/2023,12:30,Leeds,Newcastle,2,2,D,1.0,1.0,D,S Hooper,9.0,18.0,4.0,5.0,16.0,14.0,2.0,6.0,3.0,2.0,1.0,0.0
22-23,Premier League,13/05/2023,15:00,Aston Villa,Tottenham,2,1,H,1.0,0.0,H,P Bankes,8.0,5.0,4.0,2.0,9.0,14.0,8.0,3.0,3.0,3.0,0.0,0.0
22-23,Premier League,13/05/2023,15:00,Chelsea,Nott'm Forest,2,2,D,0.0,1.0,A,P Tierney,14.0,11.0,6.0,2.0,13.0,15.0,2.0,5.0,3.0,1.0,0.0,0.0
22-23,Premier League,13/05/2023,15:00,Crystal Palace,Bournemouth,2,0,H,1.0,0.0,H,M Salisbury,17.0,5.0,5.0,0.0,5.0,12.0,11.0,2.0,0.0,2.0,0.0,0.0
22-23,Premier League,13/05/2023,15:00,Man United,Wolves,2,0,H,1.0,0.0,H,J Brooks,27.0,5.0,9.0,0.0,9.0,9.0,11.0,7.0,3.0,2.0,0.0,0.0
22-23,Premier League,13/05/2023,15:00,Southampton,Fulham,0,2,A,0.0,0.0,D,T Bramall,5.0,9.0,1.0,4.0,17.0,12.0,1.0,8.0,2.0,0.0,0.0,0.0
22-23,Premier League,14/05/2023,14:00,Brentford,West Ham,2,0,H,2.0,0.0,H,M Oliver,24.0,4.0,10.0,4.0,5.0,5.0,7.0,5.0,1.0,0.0,0.0,0.0
22-23,Premier League,14/05/2023,14:00,Everton,Man City,0,3,A,0.0,2.0,A,A Taylor,7.0,9.0,3.0,4.0,12.0,4.0,8.0,6.0,1.0,0.0,0.0,0.0
22-23,Premier League,14/05/2023,16:30,Arsenal,Brighton,0,3,A,0.0,0.0,D,A Madley,14.0,12.0,2.0,6.0,13.0,17.0,5.0,2.0,1.0,2.0,0.0,0.0
22-23,Premier League,15/05/2023,20:00,Leicester,Liverpool,0,3,A,0.0,2.0,A,C Pawson,4.0,16.0,4.0,5.0,11.0,17.0,4.0,4.0,2.0,1.0,0.0,0.0
22-23,Premier League,18/05/2023,19:30,Newcastle,Brighton,4,1,H,2.0,0.0,H,R Jones,22.0,8.0,9.0,2.0,17.0,16.0,6.0,1.0,2.0,4.0,0.0,0.0
22-23,Premier League,20/05/2023,12:30,Tottenham,Brentford,1,3,A,1.0,0.0,H,J Gillett,22.0,11.0,8.0,4.0,11.0,9.0,8.0,2.0,1.0,1.0,0.0,0.0
22-23,Premier League,20/05/2023,15:00,Bournemouth,Man United,0,1,A,0.0,1.0,A,C Kavanagh,10.0,20.0,4.0,5.0,6.0,7.0,3.0,6.0,1.0,0.0,0.0,0.0
22-23,Premier League,20/05/2023,15:00,Fulham,Crystal Palace,2,2,D,1.0,1.0,D,J Smith,11.0,11.0,4.0,5.0,13.0,12.0,7.0,4.0,3.0,0.0,0.0,0.0
22-23,Premier League,20/05/2023,15:00,Liverpool,Aston Villa,1,1,D,0.0,1.0,A,J Brooks,10.0,6.0,5.0,3.0,16.0,13.0,9.0,4.0,3.0,5.0,0.0,0.0
22-23,Premier League,20/05/2023,15:00,Wolves,Everton,1,1,D,1.0,0.0,H,D Coote,13.0,19.0,5.0,4.0,18.0,10.0,1.0,7.0,5.0,1.0,0.0,0.0
22-23,Premier League,20/05/2023,17:30,Nott'm Forest,Arsenal,1,0,H,1.0,0.0,H,A Taylor,6.0,11.0,2.0,3.0,11.0,12.0,3.0,6.0,3.0,2.0,0.0,0.0
22-23,Premier League,21/05/2023,13:30,West Ham,Leeds,3,1,H,1.0,1.0,D,P Bankes,19.0,12.0,9.0,3.0,6.0,11.0,9.0,5.0,1.0,3.0,0.0,0.0
22-23,Premier League,21/05/2023,14:00,Brighton,Southampton,3,1,H,2.0,0.0,H,P Tierney,26.0,5.0,8.0,1.0,8.0,9.0,4.0,3.0,2.0,5.0,0.0,0.0
22-23,Premier League,21/05/2023,16:00,Man City,Chelsea,1,0,H,1.0,0.0,H,M Oliver,15.0,13.0,2.0,6.0,12.0,9.0,5.0,2.0,0.0,2.0,0.0,0.0
22-23,Premier League,22/05/2023,20:00,Newcastle,Leicester,0,0,D,0.0,0.0,D,A Marriner,23.0,1.0,4.0,1.0,9.0,5.0,12.0,1.0,2.0,0.0,0.0,0.0
22-23,Premier League,24/05/2023,20:00,Brighton,Man City,1,1,D,1.0,1.0,D,S Hooper,20.0,13.0,7.0,4.0,16.0,11.0,5.0,1.0,2.0,1.0,0.0,0.0
22-23,Premier League,25/05/2023,20:00,Man United,Chelsea,4,1,H,2.0,0.0,H,S Attwell,18.0,14.0,9.0,5.0,12.0,6.0,3.0,4.0,1.0,1.0,0.0,0.0
22-23,Premier League,28/05/2023,16:30,Arsenal,Wolves,5,0,H,3.0,0.0,H,A Marriner,14.0,6.0,8.0,0.0,8.0,11.0,8.0,4.0,0.0,0.0,0.0,0.0
22-23,Premier League,28/05/2023,16:30,Aston Villa,Brighton,2,1,H,2.0,1.0,H,D Coote,12.0,8.0,5.0,4.0,15.0,16.0,4.0,3.0,4.0,4.0,0.0,0.0
22-23,Premier League,28/05/2023,16:30,Brentford,Man City,1,0,H,0.0,0.0,D,J Brooks,11.0,17.0,4.0,3.0,12.0,8.0,3.0,4.0,4.0,0.0,0.0,0.0
22-23,Premier League,28/05/2023,16:30,Chelsea,Newcastle,1,1,D,1.0,1.0,D,J Gillett,22.0,13.0,5.0,4.0,9.0,11.0,10.0,3.0,0.0,0.0,0.0,0.0
22-23,Premier League,28/05/2023,16:30,Crystal Palace,Nott'm Forest,1,1,D,0.0,1.0,A,T Bramall,16.0,7.0,4.0,4.0,9.0,13.0,5.0,4.0,0.0,2.0,0.0,0.0
22-23,Premier League,28/05/2023,16:30,Everton,Bournemouth,1,0,H,0.0,0.0,D,S Attwell,13.0,7.0,6.0,2.0,11.0,12.0,9.0,3.0,1.0,3.0,0.0,0.0
22-23,Premier League,28/05/2023,16:30,Leeds,Tottenham,1,4,A,0.0,1.0,A,A Taylor,19.0,11.0,2.0,7.0,7.0,5.0,12.0,3.0,3.0,0.0,0.0,0.0
22-23,Premier League,28/05/2023,16:30,Leicester,West Ham,2,1,H,1.0,0.0,H,S Hooper,13.0,16.0,4.0,3.0,8.0,10.0,3.0,5.0,1.0,1.0,0.0,0.0
22-23,Premier League,28/05/2023,16:30,Man United,Fulham,2,1,H,1.0,1.0,D,R Jones,21.0,10.0,8.0,3.0,14.0,10.0,5.0,4.0,1.0,2.0,0.0,0.0
22-23,Premier League,28/05/2023,16:30,Southampton,Liverpool,4,4,D,2.0,2.0,D,D England,15.0,30.0,10.0,8.0,4.0,10.0,2.0,9.0,0.0,2.0,0.0,0.0
